{
    "1": 1.0,
    "2": 2.8284271247461903,
    "3": 5.196152422706632,
    "4": 8.0,
    "5": 11.180339887498949
}